CVE_ID,Description,Official_CVSS,Official_Severity,Published,Vector_String,AV,AC,PR,UI,S,C,I,A
CVE-2024-12425,"Improper Limitation of a Pathname to a Restricted Directory ('Path Traversal') vulnerability in The Document Foundation LibreOffice allows Absolute Path Traversal.




An attacker can write to arbitrary locations, albeit suffixed with "".ttf"", by supplying a file in a format that supports embedded font files.


This issue affects LibreOffice: from 24.8 before < 24.8.4.",3.3,Low,2025-01-07,CVSS:3.1/AV:L/AC:L/PR:N/UI:R/S:U/C:N/I:L/A:N,L,L,N,R,U,N,L,N
CVE-2024-42174,"HCL MyXalytics is affected by username enumeration vulnerability.  This allows a malicious user to perform enumeration of application users, and therefore compile a list of valid usernames.",3.7,Low,2025-01-11,CVSS:3.1/AV:N/AC:H/PR:N/UI:N/S:U/C:L/I:N/A:N,N,H,N,N,U,L,N,N
CVE-2024-42179,HCL MyXalytics is affected by sensitive information disclosure vulnerability.  The HTTP response header exposes the Microsoft-HTTP API∕2.0 as the server's name & version.,2.7,Low,2025-01-12,CVSS:3.1/AV:N/AC:L/PR:H/UI:N/S:U/C:L/I:N/A:N,N,L,H,N,U,L,N,N
CVE-2024-46665,"An insertion of sensitive information into sent data vulnerability [CWE-201] in FortiOS 7.6.0, 7.4.0 through 7.4.4 may allow an attacker in a man-in-the-middle position to retrieve the RADIUS accounting server shared secret via intercepting accounting-requests.",3.7,Low,2025-01-14,CVSS:3.1/AV:N/AC:H/PR:N/UI:N/S:U/C:L/I:N/A:N,N,H,N,N,U,L,N,N
CVE-2024-50564,"A use of hard-coded cryptographic key in Fortinet FortiClientWindows version 7.4.0, 7.2.x all versions, 7.0.x all versions, and 6.4.x all versions may allow a low-privileged user to decrypt interprocess communication via monitoring named piped.",3.3,Low,2025-01-14,CVSS:3.1/AV:L/AC:L/PR:L/UI:N/S:U/C:L/I:N/A:N,L,L,L,N,U,L,N,N
CVE-2024-55593,A improper neutralization of special elements used in an sql command ('sql injection') in Fortinet FortiWeb versions 6.3.17 through 7.6.1 allows attacker to gain information disclosure via crafted SQL queries,2.7,Low,2025-01-14,CVSS:3.1/AV:N/AC:L/PR:H/UI:N/S:U/C:L/I:N/A:N,N,L,H,N,U,L,N,N
CVE-2024-29979,"Improper Check for Unusual or Exceptional Conditions vulnerability in Phoenix SecureCore™ for Intel Kaby Lake, Phoenix SecureCore™ for Intel Coffee Lake, Phoenix SecureCore™ for Intel Comet Lake, Phoenix SecureCore™ for Intel Ice Lake allows Input Data Manipulation.This issue affects SecureCore™ for Intel Kaby Lake: before 4.0.1.1012; SecureCore™ for Intel Coffee Lake: before 4.1.0.568; SecureCore™ for Intel Comet Lake: before 4.2.1.292; SecureCore™ for Intel Ice Lake: before 4.2.0.334.",3.3,Low,2025-01-14,CVSS:3.1/AV:L/AC:L/PR:L/UI:N/S:U/C:N/I:N/A:L,L,L,L,N,U,N,N,L
CVE-2024-29980,"Improper Check for Unusual or Exceptional Conditions vulnerability in Phoenix SecureCore™ for Intel Kaby Lake, Phoenix SecureCore™ for Intel Coffee Lake, Phoenix SecureCore™ for Intel Comet Lake, Phoenix SecureCore™ for Intel Ice Lake allows Input Data Manipulation.This issue affects SecureCore™ for Intel Kaby Lake: before 4.0.1.1012; SecureCore™ for Intel Coffee Lake: before 4.1.0.568; SecureCore™ for Intel Comet Lake: before 4.2.1.292; SecureCore™ for Intel Ice Lake: before 4.2.0.334.",3.3,Low,2025-01-14,CVSS:3.1/AV:L/AC:L/PR:L/UI:N/S:U/C:N/I:N/A:L,L,L,L,N,U,N,N,L
CVE-2024-57898,"In the Linux kernel, the following vulnerability has been resolved:

wifi: cfg80211: clear link ID from bitmap during link delete after clean up

Currently, during link deletion, the link ID is first removed from the
valid_links bitmap before performing any clean-up operations. However, some
functions require the link ID to remain in the valid_links bitmap. One
such example is cfg80211_cac_event(). The flow is -

nl80211_remove_link()
    cfg80211_remove_link()
        ieee80211_del_intf_link()
            ieee80211_vif_set_links()
                ieee80211_vif_update_links()
                    ieee80211_link_stop()
                        cfg80211_cac_event()

cfg80211_cac_event() requires link ID to be present but it is cleared
already in cfg80211_remove_link(). Ultimately, WARN_ON() is hit.

Therefore, clear the link ID from the bitmap only after completing the link
clean-up.",3.3,Low,2025-01-15,CVSS:3.1/AV:L/AC:L/PR:L/UI:N/S:U/C:N/I:L/A:N,L,L,L,N,U,N,L,N
CVE-2024-40839,This issue was addressed through improved state management. This issue is fixed in iOS 17.5 and iPadOS 17.5. An attacker with physical access to an iOS device may be able to view notification contents from the Lock Screen.,2.4,Low,2025-01-15,CVSS:3.1/AV:P/AC:L/PR:N/UI:N/S:U/C:L/I:N/A:N,P,L,N,N,U,L,N,N
CVE-2016-20023,"In CKSource CKFinder before 2.5.0.1 for ASP.NET, authenticated users could download any file from the server if the correct path to a file was provided.",6.5,Medium,2025-12-05,CVSS:3.1/AV:N/AC:L/PR:L/UI:N/S:U/C:H/I:N/A:N,N,L,L,N,U,H,N,N
CVE-2025-6966,NULL pointer dereference in TagSection.keys() in python-apt on APT-based Linux systems allows a local attacker to cause a denial of service (process crash) via a crafted deb822 file with a malformed non-UTF-8 key.,5.5,Medium,2025-12-05,CVSS:3.1/AV:L/AC:L/PR:L/UI:N/S:U/C:N/I:N/A:H,L,L,L,N,U,N,N,H
CVE-2024-9183,"GitLab has remediated an issue in GitLab CE/EE affecting all versions from 18.4 prior to 18.4.5, 18.5 prior to 18.5.3, and 18.6 prior to 18.6.1 that could have allowed an authenticated user to obtain credentials from higher-privileged users and perform actions in their context under specific conditions.",6.4,Medium,2025-12-05,CVSS:3.1/AV:N/AC:H/PR:L/UI:R/S:U/C:H/I:H/A:N,N,H,L,R,U,H,H,N
CVE-2025-66510,"Nextcloud Server is a self hosted personal cloud system. In Nextcloud Server prior to 31.0.10 and 32.0.1 and Nextcloud Enterprise Server prior to 28.0.14.11, 29.0.16.8, 30.0.17.3, and 31.0.10, contacts search allowed to retrieve personal data of other users (emails, names, identifiers) without proper access control. This allows an authenticated user to retrieve information about accounts that are not related or added as contacts.",4.9,Medium,2025-12-05,CVSS:3.1/AV:N/AC:L/PR:H/UI:N/S:U/C:H/I:N/A:N,N,L,H,N,U,H,N,N
CVE-2025-66511,"Nextcloud Calendar is a calendar app for Nextcloud. Prior to 6.0.3, the Calendar app generates participant tokens for meeting proposals using a hash function, allowing an attacker to compute valid participant tokens, which allowed them to request details and submit dates in meeting proposals. The tokens are not purely random generated. This vulnerability is fixed in 6.0.3.",6.5,Medium,2025-12-05,CVSS:3.1/AV:N/AC:L/PR:N/UI:N/S:U/C:L/I:L/A:N,N,L,N,N,U,L,L,N
CVE-2025-66512,"Nextcloud Server is a self hosted personal cloud system. In Nextcloud Server and Server Enterprise prior to 31.0.12 and 32.0.3, a missing sanitization allowed malicious users to circumvent the content security policy when a malicious user manages to trick a user it viewing an uploaded SVG outside of the Nextcloud Servers web page.",6.1,Medium,2025-12-05,CVSS:3.1/AV:N/AC:L/PR:N/UI:R/S:C/C:L/I:L/A:N,N,L,N,R,C,L,L,N
CVE-2025-66552,"Nextcloud Server is a self hosted personal cloud system. In Nextcloud Server and Enterprise Server prior to 30.0.9 and 31.0.1, incorrect path handling with groupfolders caused the admin_audit app to not properly log all actions on files and folders inside groupfolders. This vulnerability is fixed in Nextcloud Server and Enterprise Server prior to 30.0.9 and 31.0.1.",4.3,Medium,2025-12-05,CVSS:3.1/AV:N/AC:L/PR:L/UI:N/S:U/C:N/I:L/A:N,N,L,L,N,U,N,L,N
CVE-2025-34257,"Advantech WISE-DeviceOn Server versions prior to 5.4 contain a stored cross-site scripting (XSS) vulnerability in the /rmm/v1/action/defined endpoint. When an authenticated user creates a task, the defined_name value is stored and later rendered in the Overview page without HTML sanitization. An attacker can inject malicious script into defined_name, which is then executed in the browser context of users who view the affected task, potentially enabling session compromise and unauthorized actions as the victim.",5.4,Medium,2025-12-05,CVSS:3.1/AV:N/AC:L/PR:L/UI:R/S:C/C:L/I:L/A:N,N,L,L,R,C,L,L,N
CVE-2025-34258,"Advantech WISE-DeviceOn Server versions prior to 5.4 contain a stored cross-site scripting (XSS) vulnerability in the /rmm/v1/devicemap/plan endpoint. When an authenticated user adds an area to a map entry, the name parameter is stored and later rendered in the map list without HTML sanitization. An attacker can inject malicious script into the area name, which is then executed in the browser context of users who view or interact with the affected map entry, potentially enabling session compromise and unauthorized actions as the victim.",5.4,Medium,2025-12-05,CVSS:3.1/AV:N/AC:L/PR:L/UI:R/S:C/C:L/I:L/A:N,N,L,L,R,C,L,L,N
CVE-2025-34259,"Advantech WISE-DeviceOn Server versions prior to 5.4 contain a stored cross-site scripting (XSS) vulnerability in the /rmm/v1/devicemap/building endpoint. When an authenticated user creates a map entry, the name parameter is stored and later rendered in the map list UI without HTML sanitzation. An attacker can inject malicious script into the map entry name, which is then executed in the browser context of users who view or interact with the affected map entry, potentially enabling session compromise and unauthorized actions as the victim.",5.4,Medium,2025-12-05,CVSS:3.1/AV:N/AC:L/PR:L/UI:R/S:C/C:L/I:L/A:N,N,L,L,R,C,L,L,N
CVE-2025-64101,"Zitadel is open-source identity infrastructure software. Prior to 4.6.0, 3.4.3, and 2.71.18, a potential vulnerability exists in ZITADEL's password reset mechanism. ZITADEL utilizes the Forwarded or X-Forwarded-Host header from incoming requests to construct the URL for the password reset confirmation link. This link, containing a secret code, is then emailed to the user. If an attacker can manipulate these headers (e.g., via host header injection), they could cause ZITADEL to generate a password reset link pointing to a malicious domain controlled by the attacker. If the user clicks this manipulated link in the email, the secret reset code embedded in the URL can be captured by the attacker. This captured code could then be used to reset the user's password and gain unauthorized access to their account. It's important to note that this specific attack vector is mitigated for accounts that have Multi-Factor Authentication (MFA) or Passwordless authentication enabled. This vulnerability is fixed in 4.6.0, 3.4.3, and 2.71.18.",8.8,High,2025-10-29,CVSS:3.1/AV:N/AC:L/PR:N/UI:R/S:U/C:H/I:H/A:H,N,L,N,R,U,H,H,H
CVE-2025-11463,"Ashlar-Vellum Cobalt XE File Parsing Integer Overflow Remote Code Execution Vulnerability. This vulnerability allows remote attackers to execute arbitrary code on affected installations of Ashlar-Vellum Cobalt. User interaction is required to exploit this vulnerability in that the target must visit a malicious page or open a malicious file.

The specific flaw exists within the parsing of XE files. The issue results from the lack of proper validation of user-supplied data, which can result in an integer overflow before allocating a buffer. An attacker can leverage this vulnerability to execute code in the context of the current process. Was ZDI-CAN-26626.",7.8,High,2025-10-29,CVSS:3.1/AV:L/AC:L/PR:N/UI:R/S:U/C:H/I:H/A:H,L,L,N,R,U,H,H,H
CVE-2025-11464,"Ashlar-Vellum Cobalt CO File Parsing Heap-based Buffer Overflow Remote Code Execution Vulnerability. This vulnerability allows remote attackers to execute arbitrary code on affected installations of Ashlar-Vellum Cobalt. User interaction is required to exploit this vulnerability in that the target must visit a malicious page or open a malicious file.

The specific flaw exists within the parsing of CO files. The issue results from the lack of proper validation of the length of user-supplied data prior to copying it to a heap-based buffer. An attacker can leverage this vulnerability to execute code in the context of the current process. Was ZDI-CAN-26628.",7.8,High,2025-10-29,CVSS:3.1/AV:L/AC:L/PR:N/UI:R/S:U/C:H/I:H/A:H,L,L,N,R,U,H,H,H
CVE-2025-11465,"Ashlar-Vellum Cobalt CO File Parsing Use-After-Free Remote Code Execution Vulnerability. This vulnerability allows remote attackers to execute arbitrary code on affected installations of Ashlar-Vellum Cobalt. User interaction is required to exploit this vulnerability in that the target must visit a malicious page or open a malicious file.

The specific flaw exists within the parsing of CO files. The issue results from the lack of validating the existence of an object prior to performing operations on the object. An attacker can leverage this vulnerability to execute code in the context of the current process. Was ZDI-CAN-26631.",7.8,High,2025-10-29,CVSS:3.1/AV:L/AC:L/PR:N/UI:R/S:U/C:H/I:H/A:H,L,L,N,R,U,H,H,H
CVE-2025-39663,"Cross-Site Scripting (XSS) vulnerability in Checkmk's distributed monitoring allows a compromised remote site to inject malicious HTML code into service outputs in the central site. Affecting Checkmk before 2.4.0p14, 2.3.0p39, 2.2.0 and 2.1.0 (eol).",8.4,High,2025-10-30,CVSS:3.1/AV:N/AC:L/PR:H/UI:R/S:C/C:H/I:H/A:H,N,L,H,R,C,H,H,H
CVE-2025-43941,"Dell Unity, version(s) 5.5 and Prior, contain(s) an Improper Neutralization of Special Elements used in an OS Command ('OS Command Injection') vulnerability. A low privileged attacker with local access could potentially exploit this vulnerability to execute arbitrary command with root privileges. This vulnerability only affects systems without a valid license install.",7.8,High,2025-10-30,CVSS:3.1/AV:L/AC:L/PR:L/UI:N/S:U/C:H/I:H/A:H,L,L,L,N,U,H,H,H
CVE-2025-62712,"JumpServer is an open source bastion host and an operation and maintenance security audit system. In JumpServer versions prior to v3.10.20-lts and v4.10.11-lts, an authenticated, non-privileged user can retrieve connection tokens belonging to other users via the super-connection API endpoint (/api/v1/authentication/super-connection-token/). When accessed from a web browser, this endpoint returns connection tokens created by all users instead of restricting results to tokens owned by or authorized for the requester. An attacker who obtains these tokens can use them to initiate connections to managed assets on behalf of the original token owners, resulting in unauthorized access and privilege escalation across sensitive systems. This vulnerability is fixed in v3.10.20-lts and v4.10.11-lts.",8.1,High,2025-10-30,CVSS:3.1/AV:N/AC:L/PR:L/UI:N/S:U/C:H/I:H/A:N,N,L,L,N,U,H,H,N
CVE-2025-8850,"In danny-avila/librechat version 0.7.9, there is an insecure API design issue in the 2-Factor Authentication (2FA) flow. The system allows users to disable 2FA without requiring a valid OTP or backup code, bypassing the intended verification process. This vulnerability occurs because the backend does not properly validate the OTP or backup code when the API endpoint '/api/auth/2fa/disable' is directly accessed. This flaw can be exploited by authenticated users to weaken the security of their own accounts, although it does not lead to full account compromise.",8.8,High,2025-10-30,CVSS:3.1/AV:N/AC:L/PR:L/UI:N/S:U/C:H/I:H/A:H,N,L,L,N,U,H,H,H
CVE-2011-10035,"Nagios XI versions prior to 2011R1.9 contain privilege escalation vulnerabilities in the scripts that install or update system crontab entries. Due to time-of-check/time-of-use race conditions and missing synchronization or final-path validation, a local low-privileged user could manipulate filesystem state during crontab installation to influence the files or commands executed with elevated privileges, resulting in execution with higher privileges.",7.0,High,2025-10-30,CVSS:3.1/AV:L/AC:H/PR:L/UI:N/S:U/C:H/I:H/A:H,L,H,L,N,U,H,H,H
CVE-2013-10073,"Nagios XI versions prior to 2012R1.6 contain a shell command injection vulnerability in the Auto-Discovery tool. User-controlled input is passed to a shell without adequate sanitation or argument quoting, allowing an authenticated user with access to discovery functionality to execute arbitrary commands with the privileges of the application service.",8.8,High,2025-10-30,CVSS:3.1/AV:N/AC:L/PR:L/UI:N/S:U/C:H/I:H/A:H,N,L,L,N,U,H,H,H
CVE-2025-7176,A vulnerability was found in PHPGurukul Hospital Management System 1.0. It has been declared as critical. Affected by this vulnerability is an unknown functionality of the file view-medhistory.php. The manipulation of the argument viewid leads to sql injection. The attack can be launched remotely. The exploit has been disclosed to the public and may be used.,9.8,Critical,2025-07-08,CVSS:3.1/AV:N/AC:L/PR:N/UI:N/S:U/C:H/I:H/A:H,N,L,N,N,U,H,H,H
CVE-2025-7178,A vulnerability classified as critical has been found in code-projects Food Distributor Site 1.0. This affects an unknown part of the file /admin/login.php. The manipulation of the argument Username leads to sql injection. It is possible to initiate the attack remotely. The exploit has been disclosed to the public and may be used.,9.8,Critical,2025-07-08,CVSS:3.1/AV:N/AC:L/PR:N/UI:N/S:U/C:H/I:H/A:H,N,L,N,N,U,H,H,H
CVE-2025-7179,A vulnerability classified as critical was found in code-projects Library System 1.0. This vulnerability affects unknown code of the file /add-teacher.php. The manipulation of the argument Username leads to sql injection. The attack can be initiated remotely. The exploit has been disclosed to the public and may be used.,9.8,Critical,2025-07-08,CVSS:3.1/AV:N/AC:L/PR:N/UI:N/S:U/C:H/I:H/A:H,N,L,N,N,U,H,H,H
CVE-2025-7180,"A vulnerability, which was classified as critical, has been found in code-projects Staff Audit System 1.0. This issue affects some unknown processing of the file /login.php. The manipulation of the argument User leads to sql injection. The attack may be initiated remotely. The exploit has been disclosed to the public and may be used.",9.8,Critical,2025-07-08,CVSS:3.1/AV:N/AC:L/PR:N/UI:N/S:U/C:H/I:H/A:H,N,L,N,N,U,H,H,H
CVE-2025-7181,"A vulnerability, which was classified as critical, was found in code-projects Staff Audit System 1.0. Affected is an unknown function of the file /test.php. The manipulation of the argument uploadedfile leads to unrestricted upload. It is possible to launch the attack remotely. The exploit has been disclosed to the public and may be used.",9.8,Critical,2025-07-08,CVSS:3.1/AV:N/AC:L/PR:N/UI:N/S:U/C:H/I:H/A:H,N,L,N,N,U,H,H,H
CVE-2025-7183,A vulnerability was found in Campcodes Sales and Inventory System 1.0 and classified as critical. Affected by this issue is some unknown functionality of the file /pages/customer_account.php. The manipulation of the argument Customer leads to sql injection. The attack may be launched remotely. The exploit has been disclosed to the public and may be used.,9.8,Critical,2025-07-08,CVSS:3.1/AV:N/AC:L/PR:N/UI:N/S:U/C:H/I:H/A:H,N,L,N,N,U,H,H,H
CVE-2025-7184,A vulnerability was found in code-projects Library System 1.0. It has been classified as critical. This affects an unknown part of the file /user/teacher/books.php. The manipulation of the argument Search leads to sql injection. It is possible to initiate the attack remotely. The exploit has been disclosed to the public and may be used.,9.8,Critical,2025-07-08,CVSS:3.1/AV:N/AC:L/PR:N/UI:N/S:U/C:H/I:H/A:H,N,L,N,N,U,H,H,H
CVE-2025-7185,A vulnerability was found in code-projects Library System 1.0. It has been declared as critical. This vulnerability affects unknown code of the file /approve.php. The manipulation of the argument ID leads to sql injection. The attack can be initiated remotely. The exploit has been disclosed to the public and may be used.,9.8,Critical,2025-07-08,CVSS:3.1/AV:N/AC:L/PR:N/UI:N/S:U/C:H/I:H/A:H,N,L,N,N,U,H,H,H
CVE-2025-7191,A vulnerability has been found in code-projects Student Enrollment System 1.0 and classified as critical. This vulnerability affects unknown code of the file /login.php. The manipulation of the argument Username leads to sql injection. The attack can be initiated remotely. The exploit has been disclosed to the public and may be used.,9.8,Critical,2025-07-08,CVSS:3.1/AV:N/AC:L/PR:N/UI:N/S:U/C:H/I:H/A:H,N,L,N,N,U,H,H,H
CVE-2025-7193,A vulnerability was found in itsourcecode Agri-Trading Online Shopping System up to 1.0. It has been classified as critical. Affected is an unknown function of the file /admin/suppliercontroller.php. The manipulation of the argument supplier leads to sql injection. It is possible to launch the attack remotely. The exploit has been disclosed to the public and may be used.,9.8,Critical,2025-07-08,CVSS:3.1/AV:N/AC:L/PR:N/UI:N/S:U/C:H/I:H/A:H,N,L,N,N,U,H,H,H
